{
  "hash": "efb38005",
  "configHash": "075f4fa5",
  "lockfileHash": "bc444753",
  "browserHash": "368a7a2c",
  "optimized": {
    "@angular/cdk/bidi": {
      "src": "../../../../../../node_modules/@angular/cdk/fesm2022/bidi.mjs",
      "file": "@angular_cdk_bidi.js",
      "fileHash": "35e63478",
      "needsInterop": false
    },
    "@angular/cdk/collections": {
      "src": "../../../../../../node_modules/@angular/cdk/fesm2022/collections.mjs",
      "file": "@angular_cdk_collections.js",
      "fileHash": "34d957f1",
      "needsInterop": false
    },
    "@angular/cdk/scrolling": {
      "src": "../../../../../../node_modules/@angular/cdk/fesm2022/scrolling.mjs",
      "file": "@angular_cdk_scrolling.js",
      "fileHash": "ce869562",
      "needsInterop": false
    },
    "@angular/cdk/text-field": {
      "src": "../../../../../../node_modules/@angular/cdk/fesm2022/text-field.mjs",
      "file": "@angular_cdk_text-field.js",
      "fileHash": "5320397d",
      "needsInterop": false
    },
    "@angular/common": {
      "src": "../../../../../../node_modules/@angular/common/fesm2022/common.mjs",
      "file": "@angular_common.js",
      "fileHash": "4e26f3bb",
      "needsInterop": false
    },
    "@angular/common/http": {
      "src": "../../../../../../node_modules/@angular/common/fesm2022/http.mjs",
      "file": "@angular_common_http.js",
      "fileHash": "2738b89f",
      "needsInterop": false
    },
    "@angular/core": {
      "src": "../../../../../../node_modules/@angular/core/fesm2022/core.mjs",
      "file": "@angular_core.js",
      "fileHash": "96171ef2",
      "needsInterop": false
    },
    "@angular/forms": {
      "src": "../../../../../../node_modules/@angular/forms/fesm2022/forms.mjs",
      "file": "@angular_forms.js",
      "fileHash": "379b35f7",
      "needsInterop": false
    },
    "@angular/material/badge": {
      "src": "../../../../../../node_modules/@angular/material/fesm2022/badge.mjs",
      "file": "@angular_material_badge.js",
      "fileHash": "d1ce2efb",
      "needsInterop": false
    },
    "@angular/material/button": {
      "src": "../../../../../../node_modules/@angular/material/fesm2022/button.mjs",
      "file": "@angular_material_button.js",
      "fileHash": "545e535d",
      "needsInterop": false
    },
    "@angular/material/checkbox": {
      "src": "../../../../../../node_modules/@angular/material/fesm2022/checkbox.mjs",
      "file": "@angular_material_checkbox.js",
      "fileHash": "7c650aab",
      "needsInterop": false
    },
    "@angular/material/chips": {
      "src": "../../../../../../node_modules/@angular/material/fesm2022/chips.mjs",
      "file": "@angular_material_chips.js",
      "fileHash": "9bba9345",
      "needsInterop": false
    },
    "@angular/material/core": {
      "src": "../../../../../../node_modules/@angular/material/fesm2022/core.mjs",
      "file": "@angular_material_core.js",
      "fileHash": "7448f0a6",
      "needsInterop": false
    },
    "@angular/material/datepicker": {
      "src": "../../../../../../node_modules/@angular/material/fesm2022/datepicker.mjs",
      "file": "@angular_material_datepicker.js",
      "fileHash": "2e6748d6",
      "needsInterop": false
    },
    "@angular/material/dialog": {
      "src": "../../../../../../node_modules/@angular/material/fesm2022/dialog.mjs",
      "file": "@angular_material_dialog.js",
      "fileHash": "ebec3dbd",
      "needsInterop": false
    },
    "@angular/material/divider": {
      "src": "../../../../../../node_modules/@angular/material/fesm2022/divider.mjs",
      "file": "@angular_material_divider.js",
      "fileHash": "5ce77b09",
      "needsInterop": false
    },
    "@angular/material/form-field": {
      "src": "../../../../../../node_modules/@angular/material/fesm2022/form-field.mjs",
      "file": "@angular_material_form-field.js",
      "fileHash": "94da92f1",
      "needsInterop": false
    },
    "@angular/material/icon": {
      "src": "../../../../../../node_modules/@angular/material/fesm2022/icon.mjs",
      "file": "@angular_material_icon.js",
      "fileHash": "d1c639c3",
      "needsInterop": false
    },
    "@angular/material/input": {
      "src": "../../../../../../node_modules/@angular/material/fesm2022/input.mjs",
      "file": "@angular_material_input.js",
      "fileHash": "2fc1c2ea",
      "needsInterop": false
    },
    "@angular/material/paginator": {
      "src": "../../../../../../node_modules/@angular/material/fesm2022/paginator.mjs",
      "file": "@angular_material_paginator.js",
      "fileHash": "3710558d",
      "needsInterop": false
    },
    "@angular/material/progress-spinner": {
      "src": "../../../../../../node_modules/@angular/material/fesm2022/progress-spinner.mjs",
      "file": "@angular_material_progress-spinner.js",
      "fileHash": "899af7aa",
      "needsInterop": false
    },
    "@angular/material/select": {
      "src": "../../../../../../node_modules/@angular/material/fesm2022/select.mjs",
      "file": "@angular_material_select.js",
      "fileHash": "bc01e740",
      "needsInterop": false
    },
    "@angular/material/snack-bar": {
      "src": "../../../../../../node_modules/@angular/material/fesm2022/snack-bar.mjs",
      "file": "@angular_material_snack-bar.js",
      "fileHash": "1f00a426",
      "needsInterop": false
    },
    "@angular/material/sort": {
      "src": "../../../../../../node_modules/@angular/material/fesm2022/sort.mjs",
      "file": "@angular_material_sort.js",
      "fileHash": "451da8f2",
      "needsInterop": false
    },
    "@angular/material/table": {
      "src": "../../../../../../node_modules/@angular/material/fesm2022/table.mjs",
      "file": "@angular_material_table.js",
      "fileHash": "1ba1c811",
      "needsInterop": false
    },
    "@angular/material/tabs": {
      "src": "../../../../../../node_modules/@angular/material/fesm2022/tabs.mjs",
      "file": "@angular_material_tabs.js",
      "fileHash": "23d10e65",
      "needsInterop": false
    },
    "@angular/material/tooltip": {
      "src": "../../../../../../node_modules/@angular/material/fesm2022/tooltip.mjs",
      "file": "@angular_material_tooltip.js",
      "fileHash": "af44a6d9",
      "needsInterop": false
    },
    "@angular/platform-browser": {
      "src": "../../../../../../node_modules/@angular/platform-browser/fesm2022/platform-browser.mjs",
      "file": "@angular_platform-browser.js",
      "fileHash": "88b9b37b",
      "needsInterop": false
    },
    "@angular/platform-browser/animations": {
      "src": "../../../../../../node_modules/@angular/platform-browser/fesm2022/animations.mjs",
      "file": "@angular_platform-browser_animations.js",
      "fileHash": "b48dc78a",
      "needsInterop": false
    },
    "@angular/router": {
      "src": "../../../../../../node_modules/@angular/router/fesm2022/router.mjs",
      "file": "@angular_router.js",
      "fileHash": "eb22522b",
      "needsInterop": false
    },
    "@ng-select/ng-select": {
      "src": "../../../../../../node_modules/@ng-select/ng-select/fesm2022/ng-select-ng-select.mjs",
      "file": "@ng-select_ng-select.js",
      "fileHash": "6d3abf8e",
      "needsInterop": false
    },
    "angularx-flatpickr": {
      "src": "../../../../../../node_modules/angularx-flatpickr/fesm2022/angularx-flatpickr.mjs",
      "file": "angularx-flatpickr.js",
      "fileHash": "c651c15c",
      "needsInterop": false
    },
    "flatpickr/dist/l10n/ar": {
      "src": "../../../../../../node_modules/flatpickr/dist/l10n/ar.js",
      "file": "flatpickr_dist_l10n_ar.js",
      "fileHash": "090f7d17",
      "needsInterop": true
    },
    "flatpickr/dist/plugins/monthSelect/index": {
      "src": "../../../../../../node_modules/flatpickr/dist/plugins/monthSelect/index.js",
      "file": "flatpickr_dist_plugins_monthSelect_index.js",
      "fileHash": "4d301811",
      "needsInterop": true
    },
    "jwt-decode": {
      "src": "../../../../../../node_modules/jwt-decode/build/esm/index.js",
      "file": "jwt-decode.js",
      "fileHash": "19c96e75",
      "needsInterop": false
    },
    "rxjs": {
      "src": "../../../../../../node_modules/rxjs/dist/esm5/index.js",
      "file": "rxjs.js",
      "fileHash": "84fb3ebc",
      "needsInterop": false
    },
    "rxjs/operators": {
      "src": "../../../../../../node_modules/rxjs/dist/esm5/operators/index.js",
      "file": "rxjs_operators.js",
      "fileHash": "78182760",
      "needsInterop": false
    },
    "zone.js": {
      "src": "../../../../../../node_modules/zone.js/fesm2015/zone.js",
      "file": "zone__js.js",
      "fileHash": "4f0951c3",
      "needsInterop": true
    }
  },
  "chunks": {
    "chunk-GGEPDE42": {
      "file": "chunk-GGEPDE42.js"
    },
    "chunk-WXGQ6U5E": {
      "file": "chunk-WXGQ6U5E.js"
    },
    "chunk-PXZYWG63": {
      "file": "chunk-PXZYWG63.js"
    },
    "chunk-RG5QPOSC": {
      "file": "chunk-RG5QPOSC.js"
    },
    "chunk-LVHIMY7X": {
      "file": "chunk-LVHIMY7X.js"
    },
    "chunk-FOQ5WUR5": {
      "file": "chunk-FOQ5WUR5.js"
    },
    "chunk-RMJOM5GL": {
      "file": "chunk-RMJOM5GL.js"
    },
    "chunk-NY5XTA7O": {
      "file": "chunk-NY5XTA7O.js"
    },
    "chunk-TAAC3HRR": {
      "file": "chunk-TAAC3HRR.js"
    },
    "chunk-ISJ2NIPI": {
      "file": "chunk-ISJ2NIPI.js"
    },
    "chunk-ATABDHN7": {
      "file": "chunk-ATABDHN7.js"
    },
    "chunk-RREJJ2XD": {
      "file": "chunk-RREJJ2XD.js"
    },
    "chunk-J4UJGYK3": {
      "file": "chunk-J4UJGYK3.js"
    },
    "chunk-MLWLQ3I2": {
      "file": "chunk-MLWLQ3I2.js"
    },
    "chunk-A6QHIQGZ": {
      "file": "chunk-A6QHIQGZ.js"
    },
    "chunk-KDM2MJF4": {
      "file": "chunk-KDM2MJF4.js"
    },
    "chunk-C74GAIFQ": {
      "file": "chunk-C74GAIFQ.js"
    },
    "chunk-D7UMKDY3": {
      "file": "chunk-D7UMKDY3.js"
    },
    "chunk-HYT2J6ZT": {
      "file": "chunk-HYT2J6ZT.js"
    },
    "chunk-WIEOCILX": {
      "file": "chunk-WIEOCILX.js"
    },
    "chunk-KOWPLEWF": {
      "file": "chunk-KOWPLEWF.js"
    },
    "chunk-VENV3F3G": {
      "file": "chunk-VENV3F3G.js"
    },
    "chunk-GWFLKVBH": {
      "file": "chunk-GWFLKVBH.js"
    },
    "chunk-HAGNZKAP": {
      "file": "chunk-HAGNZKAP.js"
    },
    "chunk-UOWJIULA": {
      "file": "chunk-UOWJIULA.js"
    },
    "chunk-AN36CGGZ": {
      "file": "chunk-AN36CGGZ.js"
    },
    "chunk-5EG33CFQ": {
      "file": "chunk-5EG33CFQ.js"
    },
    "chunk-4XQMSBQ2": {
      "file": "chunk-4XQMSBQ2.js"
    },
    "chunk-JR26LZHY": {
      "file": "chunk-JR26LZHY.js"
    },
    "chunk-TKBVOUCE": {
      "file": "chunk-TKBVOUCE.js"
    },
    "chunk-35BDA6KF": {
      "file": "chunk-35BDA6KF.js"
    },
    "chunk-KOYJ674Q": {
      "file": "chunk-KOYJ674Q.js"
    },
    "chunk-CHYC5DK5": {
      "file": "chunk-CHYC5DK5.js"
    },
    "chunk-W4PAFI3C": {
      "file": "chunk-W4PAFI3C.js"
    },
    "chunk-EHRUAU3S": {
      "file": "chunk-EHRUAU3S.js"
    },
    "chunk-CTYZBK6L": {
      "file": "chunk-CTYZBK6L.js"
    },
    "chunk-AGCF4D2E": {
      "file": "chunk-AGCF4D2E.js"
    },
    "chunk-RURIKTIY": {
      "file": "chunk-RURIKTIY.js"
    },
    "chunk-HWYXSU2G": {
      "file": "chunk-HWYXSU2G.js"
    },
    "chunk-JRFR6BLO": {
      "file": "chunk-JRFR6BLO.js"
    },
    "chunk-MARUHEWW": {
      "file": "chunk-MARUHEWW.js"
    },
    "chunk-3OV72XIM": {
      "file": "chunk-3OV72XIM.js"
    }
  }
}